测试套/软件包名,测试用例名,状态,与2303对比,日志文件,原因
policycoreutils,oe_test_service_selinux-autorelabel,success,,./mugen-riscv/logs/policycoreutils/oe_test_service_selinux-autorelabel/2023-08-08-20_13_05.log,None
policycoreutils,oe_test_service_selinux-autorelabel-mark,success,,./mugen-riscv/logs/policycoreutils/oe_test_service_selinux-autorelabel-mark/2023-08-08-20_12_55.log,None
policycoreutils,oe_test_service_restorecond,fail,same,./mugen-riscv/logs/policycoreutils/oe_test_service_restorecond/2023-08-08-20_12_16.log,"preinstall absent
systemd unit restart failure
systemd unit runtime error
"
policycoreutils,oe_test_target_selinux-autorelabel,success,,./mugen-riscv/logs/policycoreutils/oe_test_target_selinux-autorelabel/2023-08-08-20_13_15.log,None
initial-setup,oe_test_service_initial-setup-reconfiguration,success,,./mugen-riscv/logs/initial-setup/oe_test_service_initial-setup-reconfiguration/2023-08-08-11_41_35.log,None
gdm,oe_test_service_gdm,fail,diff,./mugen-riscv/logs/gdm/oe_test_service_gdm/2023-08-08-20_22_28.log,2309上缺少gnome-shell的相关依赖
libcgroup,oe_test_service_cgconfig,success,,./mugen-riscv/logs/libcgroup/oe_test_service_cgconfig/2023-08-08-20_19_29.log,None
pigz,oe_test_pigz,success,03fail,./mugen-riscv/logs/pigz/oe_test_pigz/2023-08-08-11_53_07.log,None
vsftpd,oe_test_service_vsftpd,success,,./mugen-riscv/logs/vsftpd/oe_test_service_vsftpd/2023-08-08-11_20_11.log,None
vsftpd,oe_test_target_vsftpd,success,,./mugen-riscv/logs/vsftpd/oe_test_target_vsftpd/2023-08-08-11_21_35.log,None
dmidecode,oe_test_dmidecode,fail,same,./mugen-riscv/logs/dmidecode/oe_test_dmidecode/2023-08-08-11_34_20.log,"preinstall absent
"
NetworkManager,oe_test_service_NetworkManager,success,,./mugen-riscv/logs/NetworkManager/oe_test_service_NetworkManager/2023-08-08-10_20_35.log,None
NetworkManager,oe_test_service_NetworkManager-wait-online,success,,./mugen-riscv/logs/NetworkManager/oe_test_service_NetworkManager-wait-online/2023-08-08-10_21_11.log,None
NetworkManager,oe_test_libnetfilter_conntrack,success,03fail,./mugen-riscv/logs/NetworkManager/oe_test_libnetfilter_conntrack/2023-08-08-10_21_56.log,None
NetworkManager,oe_test_service_nm-cloud-setup,success,,./mugen-riscv/logs/NetworkManager/oe_test_service_nm-cloud-setup/2023-08-08-10_21_42.log,None
NetworkManager,oe_test_service_NetworkManager-dispatcher,success,,./mugen-riscv/logs/NetworkManager/oe_test_service_NetworkManager-dispatcher/2023-08-08-10_20_06.log,None
open-isns,oe_test_service_isnsd,success,,./mugen-riscv/logs/open-isns/oe_test_service_isnsd/2023-08-08-11_50_02.log,None
glusterfs,oe_test_service_glustereventsd,success,,./mugen-riscv/logs/glusterfs/oe_test_service_glustereventsd/2023-08-08-10_26_04.log,None
glusterfs,oe_test_service_glusterfsd,success,,./mugen-riscv/logs/glusterfs/oe_test_service_glusterfsd/2023-08-08-10_28_00.log,None
glusterfs,oe_test_service_glusterfssharedstorage,success,,./mugen-riscv/logs/glusterfs/oe_test_service_glusterfssharedstorage/2023-08-08-10_28_55.log,None
glusterfs,oe_test_service_gluster-ta-volume,success,,./mugen-riscv/logs/glusterfs/oe_test_service_gluster-ta-volume/2023-08-08-10_30_18.log,None
glusterfs,oe_test_service_glusterd,success,,./mugen-riscv/logs/glusterfs/oe_test_service_glusterd/2023-08-08-10_24_27.log,None
mariadb,oe_test_service_mariadb,success,,./mugen-riscv/logs/mariadb/oe_test_service_mariadb/2023-08-08-11_01_22.log,None
mariadb,oe_test_mariadb-db,success,,./mugen-riscv/logs/mariadb/oe_test_mariadb-db/2023-08-08-11_03_33.log,None
mariadb,oe_test_mariadb-table,success,,./mugen-riscv/logs/mariadb/oe_test_mariadb-table/2023-08-08-11_05_21.log,None
libstoragemgmt,oe_test_service_libstoragemgmt,fail,09fail,./mugen-riscv/logs/libstoragemgmt/oe_test_service_libstoragemgmt/2023-08-08-11_43_59.log,重新测试通过
libaec,oe_test_libaec_aec,success,,./mugen-riscv/logs/libaec/oe_test_libaec_aec/2023-08-08-12_11_43.log,None
netcf,oe_test_service_netcf-transaction,fail,09fail,./mugen-riscv/logs/netcf/oe_test_service_netcf-transaction/2023-08-08-11_47_03.log,重新测试通过
byacc,oe_test_byacc_yacc_02,success,,./mugen-riscv/logs/byacc/oe_test_byacc_yacc_02/2023-08-08-10_45_24.log,None
byacc,oe_test_byacc_byacc_01,success,,./mugen-riscv/logs/byacc/oe_test_byacc_byacc_01/2023-08-08-10_42_53.log,None
byacc,oe_test_byacc_yacc_01,success,,./mugen-riscv/logs/byacc/oe_test_byacc_yacc_01/2023-08-08-10_44_35.log,None
byacc,oe_test_byacc_byacc_02,success,,./mugen-riscv/logs/byacc/oe_test_byacc_byacc_02/2023-08-08-10_43_47.log,None
rtkit,oe_test_service_rtkit-daemon,success,,./mugen-riscv/logs/rtkit/oe_test_service_rtkit-daemon/2023-08-08-11_57_58.log,None
smoke-basic-os,oe_test_dhclient_01,success,,./mugen-riscv/logs/smoke-basic-os/oe_test_dhclient_01/2023-08-08-11_46_41.log,None
smoke-basic-os,oe_test_ipv6_BRIDGE,success,,./mugen-riscv/logs/smoke-basic-os/oe_test_ipv6_BRIDGE/2023-08-08-11_55_42.log,None
smoke-basic-os,oe_test_numactl,success,03fail,./mugen-riscv/logs/smoke-basic-os/oe_test_numactl/2023-08-08-10_42_52.log,None
smoke-basic-os,oe_test_rsync,success,,./mugen-riscv/logs/smoke-basic-os/oe_test_rsync/2023-08-08-10_46_26.log,None
smoke-basic-os,oe_test_rsyslog_03,fail,same,./mugen-riscv/logs/smoke-basic-os/oe_test_rsyslog_03/2023-08-08-12_28_05.log,"preinstall absent
"
smoke-basic-os,oe_test_systemd_SCEN_06,success,,./mugen-riscv/logs/smoke-basic-os/oe_test_systemd_SCEN_06/2023-08-08-13_02_39.log,None
smoke-basic-os,oe_test_logrotate_004,fail,same,./mugen-riscv/logs/smoke-basic-os/oe_test_logrotate_004/2023-08-08-14_00_57.log,
smoke-basic-os,oe_test_logrotate_003,success,,./mugen-riscv/logs/smoke-basic-os/oe_test_logrotate_003/2023-08-08-10_36_26.log,None
smoke-basic-os,oe_test_yumgroup_001,fail,same,./mugen-riscv/logs/smoke-basic-os/oe_test_yumgroup_001/2023-08-08-10_54_21.log,oe-rv目前软件仓内并没有划分软件包组
smoke-basic-os,oe_test_systemd_SCEN_01,success,,./mugen-riscv/logs/smoke-basic-os/oe_test_systemd_SCEN_01/2023-08-08-13_01_27.log,None
smoke-basic-os,oe_test_rsyslog_04,fail,09fail,./mugen-riscv/logs/smoke-basic-os/oe_test_rsyslog_04/2023-08-08-12_28_17.log,没有预装rsyslog
smoke-basic-os,oe_test_cmp,fail,09fail,./mugen-riscv/logs/smoke-basic-os/oe_test_cmp/2023-08-08-10_59_36.log,重新测试通过
smoke-basic-os,oe_test_cat_001,fail,same,./mugen-riscv/logs/smoke-basic-os/oe_test_cat_001/2023-08-08-09_50_19.log,
smoke-basic-os,oe_test_systemd_SCEN_08,success,,./mugen-riscv/logs/smoke-basic-os/oe_test_systemd_SCEN_08/2023-08-08-13_03_11.log,None
smoke-basic-os,oe_test_localectl_001,success,,./mugen-riscv/logs/smoke-basic-os/oe_test_localectl_001/2023-08-08-10_35_13.log,None
smoke-basic-os,oe_test_ip_rule_02,success,03fail,./mugen-riscv/logs/smoke-basic-os/oe_test_ip_rule_02/2023-08-08-11_54_55.log,None
smoke-basic-os,oe_test_user_debug_iotop_03,success,03fail,./mugen-riscv/logs/smoke-basic-os/oe_test_user_debug_iotop_03/2023-08-08-13_56_23.log,None
smoke-basic-os,oe_test_od,success,,./mugen-riscv/logs/smoke-basic-os/oe_test_od/2023-08-08-14_02_38.log,None
smoke-basic-os,oe_test_iptables,fail,09fail,./mugen-riscv/logs/smoke-basic-os/oe_test_iptables/2023-08-08-11_55_20.log,没有预装iptables
smoke-basic-os,oe_test_ipv6_VLAN_02,success,03fail,./mugen-riscv/logs/smoke-basic-os/oe_test_ipv6_VLAN_02/2023-08-08-11_59_24.log,None
smoke-basic-os,oe_test_setools,fail,same,./mugen-riscv/logs/smoke-basic-os/oe_test_setools/2023-08-08-12_50_05.log,
smoke-basic-os,oe_test_rollback,success,03fail,./mugen-riscv/logs/smoke-basic-os/oe_test_rollback/2023-08-08-10_57_05.log,None
smoke-basic-os,oe_test_syslog_dmesg_001,success,,./mugen-riscv/logs/smoke-basic-os/oe_test_syslog_dmesg_001/2023-08-08-10_50_37.log,None
smoke-basic-os,oe_test_ls_001,success,,./mugen-riscv/logs/smoke-basic-os/oe_test_ls_001/2023-08-08-10_36_49.log,None
smoke-basic-os,oe_test_dbus-monitor,success,,./mugen-riscv/logs/smoke-basic-os/oe_test_dbus-monitor/2023-08-08-11_46_04.log,None
smoke-basic-os,oe_test_mv_001,success,,./mugen-riscv/logs/smoke-basic-os/oe_test_mv_001/2023-08-08-10_39_59.log,None
smoke-basic-os,oe_test_systemd_SCEN_09,success,,./mugen-riscv/logs/smoke-basic-os/oe_test_systemd_SCEN_09/2023-08-08-13_03_30.log,None
smoke-basic-os,oe_test_rsyslog_05,fail,09fail,./mugen-riscv/logs/smoke-basic-os/oe_test_rsyslog_05/2023-08-08-12_28_46.log,没有预装rsyslog
smoke-basic-os,oe_test_pwd_001,fail,same,./mugen-riscv/logs/smoke-basic-os/oe_test_pwd_001/2023-08-08-10_46_04.log,测试使用的 /etc/kernel 目录不存在
smoke-basic-os,oe_test_chattr,success,,./mugen-riscv/logs/smoke-basic-os/oe_test_chattr/2023-08-08-09_50_43.log,None
smoke-basic-os,oe_test_logrotate_002,success,,./mugen-riscv/logs/smoke-basic-os/oe_test_logrotate_002/2023-08-08-10_35_25.log,None
smoke-basic-os,oe_test_iscsid,success,03fail,./mugen-riscv/logs/smoke-basic-os/oe_test_iscsid/2023-08-08-12_00_20.log,None
smoke-basic-os,oe_test_augeas_augtool,success,,./mugen-riscv/logs/smoke-basic-os/oe_test_augeas_augtool/2023-08-08-11_39_10.log,None
smoke-basic-os,oe_test_systemd_SCEN_07,success,,./mugen-riscv/logs/smoke-basic-os/oe_test_systemd_SCEN_07/2023-08-08-13_02_54.log,None
smoke-basic-os,oe_test_os-prober_01,fail,09fail,./mugen-riscv/logs/smoke-basic-os/oe_test_os-prober_01/2023-08-08-12_17_56.log,没有预装os-prober
smoke-basic-os,oe_test_rsyslog_02,fail,09fail,./mugen-riscv/logs/smoke-basic-os/oe_test_rsyslog_02/2023-08-08-12_27_56.log,没有预装rsyslog
smoke-basic-os,oe_test_rpcbind,success,,./mugen-riscv/logs/smoke-basic-os/oe_test_rpcbind/2023-08-08-12_25_32.log,None
smoke-basic-os,oe_test_dumpe2fs,fail,same,./mugen-riscv/logs/smoke-basic-os/oe_test_dumpe2fs/2023-08-08-14_03_29.log,将硬盘格式化时出现问题，无法在上面创建文件inode
smoke-basic-os,oe_test_pstree,success,,./mugen-riscv/logs/smoke-basic-os/oe_test_pstree/2023-08-08-13_08_09.log,None
smoke-basic-os,oe_test_vmstat,success,,./mugen-riscv/logs/smoke-basic-os/oe_test_vmstat/2023-08-08-13_08_18.log,None
smoke-basic-os,oe_test_group_001,success,,./mugen-riscv/logs/smoke-basic-os/oe_test_group_001/2023-08-08-10_27_53.log,None
smoke-basic-os,oe_test_xz,success,,./mugen-riscv/logs/smoke-basic-os/oe_test_xz/2023-08-08-13_57_44.log,None
smoke-basic-os,oe_test_krb5,success,,./mugen-riscv/logs/smoke-basic-os/oe_test_krb5/2023-08-08-10_33_46.log,None
smoke-basic-os,oe_test_lldpad,success,,./mugen-riscv/logs/smoke-basic-os/oe_test_lldpad/2023-08-08-11_59_34.log,None
smoke-basic-os,oe_test_ntp_02,success,,./mugen-riscv/logs/smoke-basic-os/oe_test_ntp_02/2023-08-08-12_16_36.log,None
smoke-basic-os,oe_test_stat,success,03fail,./mugen-riscv/logs/smoke-basic-os/oe_test_stat/2023-08-08-12_51_14.log,None
smoke-basic-os,oe_test_expat,success,,./mugen-riscv/logs/smoke-basic-os/oe_test_expat/2023-08-08-12_58_06.log,None
smoke-basic-os,oe_test_losetup,success,,./mugen-riscv/logs/smoke-basic-os/oe_test_losetup/2023-08-08-12_07_19.log,None
smoke-basic-os,oe_test_uname,success,,./mugen-riscv/logs/smoke-basic-os/oe_test_uname/2023-08-08-10_55_08.log,None
smoke-basic-os,oe_test_nfs,success,,./mugen-riscv/logs/smoke-basic-os/oe_test_nfs/2023-08-08-10_41_36.log,None
smoke-basic-os,oe_test_ip6tables_02,fail,09fail,./mugen-riscv/logs/smoke-basic-os/oe_test_ip6tables_02/2023-08-08-11_53_37.log,没有预装iptables
smoke-basic-os,oe_test_grub2_mkconfig,fail,same,./mugen-riscv/logs/smoke-basic-os/oe_test_grub2_mkconfig/2023-08-08-11_52_08.log,"preinstall absent
"
smoke-basic-os,oe_test_libuser_sm,success,,./mugen-riscv/logs/smoke-basic-os/oe_test_libuser_sm/2023-08-08-12_07_05.log,None
smoke-basic-os,oe_test_chkconfig,success,,./mugen-riscv/logs/smoke-basic-os/oe_test_chkconfig/2023-08-08-11_41_15.log,None
smoke-basic-os,oe_test_chmod_001,success,,./mugen-riscv/logs/smoke-basic-os/oe_test_chmod_001/2023-08-08-09_50_54.log,None
smoke-basic-os,oe_test_sed_001,success,,./mugen-riscv/logs/smoke-basic-os/oe_test_sed_001/2023-08-08-13_57_34.log,None
smoke-basic-os,oe_test_umask_001,success,,./mugen-riscv/logs/smoke-basic-os/oe_test_umask_001/2023-08-08-10_53_08.log,None
smoke-basic-os,oe_test_rpmrebuild,success,,./mugen-riscv/logs/smoke-basic-os/oe_test_rpmrebuild/2023-08-08-12_26_44.log,None
smoke-basic-os,oe_test_aide_basic_info,success,,./mugen-riscv/logs/smoke-basic-os/oe_test_aide_basic_info/2023-08-08-13_28_31.log,None
smoke-basic-os,oe_test_procps-ng-uptime,success,,./mugen-riscv/logs/smoke-basic-os/oe_test_procps-ng-uptime/2023-08-08-12_59_00.log,None
smoke-basic-os,oe_test_sevice_001,fail,same,./mugen-riscv/logs/smoke-basic-os/oe_test_sevice_001/2023-08-08-10_47_20.log,
smoke-basic-os,oe_test_wc,success,,./mugen-riscv/logs/smoke-basic-os/oe_test_wc/2023-08-08-10_55_16.log,None
smoke-basic-os,oe_test_acl_001,success,,./mugen-riscv/logs/smoke-basic-os/oe_test_acl_001/2023-08-08-09_49_53.log,None
smoke-basic-os,oe_test_unset_001,success,,./mugen-riscv/logs/smoke-basic-os/oe_test_unset_001/2023-08-08-13_08_33.log,None
smoke-basic-os,oe_test_touch_001,success,,./mugen-riscv/logs/smoke-basic-os/oe_test_touch_001/2023-08-08-10_51_55.log,None
smoke-basic-os,oe_test_IPVLAN_07,success,,./mugen-riscv/logs/smoke-basic-os/oe_test_IPVLAN_07/2023-08-08-13_45_18.log,None
smoke-basic-os,oe_test_maildrop_delivery_agent,success,,./mugen-riscv/logs/smoke-basic-os/oe_test_maildrop_delivery_agent/2023-08-08-12_08_42.log,None
smoke-basic-os,oe_test_syslog_journalctl_002,success,,./mugen-riscv/logs/smoke-basic-os/oe_test_syslog_journalctl_002/2023-08-08-10_50_55.log,None
smoke-basic-os,oe_test_python_subprocess_02,success,,./mugen-riscv/logs/smoke-basic-os/oe_test_python_subprocess_02/2023-08-08-12_21_40.log,None
smoke-basic-os,oe_test_aide_init_database,fail,09fail,./mugen-riscv/logs/smoke-basic-os/oe_test_aide_init_database/2023-08-08-13_29_13.log,新版aide命令输出发生变化
smoke-basic-os,oe_test_ipv6_sysctl_01,success,,./mugen-riscv/logs/smoke-basic-os/oe_test_ipv6_sysctl_01/2023-08-08-13_45_02.log,None
smoke-basic-os,oe_test_chrt,success,,./mugen-riscv/logs/smoke-basic-os/oe_test_chrt/2023-08-08-11_41_26.log,None
smoke-basic-os,oe_test_cpio,success,,./mugen-riscv/logs/smoke-basic-os/oe_test_cpio/2023-08-08-11_42_39.log,None
smoke-basic-os,oe_test_sudo_E,success,,./mugen-riscv/logs/smoke-basic-os/oe_test_sudo_E/2023-08-08-12_51_21.log,None
smoke-basic-os,oe_test_python_urllib3_urlopen_03,success,,./mugen-riscv/logs/smoke-basic-os/oe_test_python_urllib3_urlopen_03/2023-08-08-12_24_14.log,None
smoke-basic-os,oe_test_ip_ipv6_02,success,03fail,./mugen-riscv/logs/smoke-basic-os/oe_test_ip_ipv6_02/2023-08-08-11_53_56.log,None
smoke-basic-os,oe_test_glibc_getaddrinfo_01,fail,diff,./mugen-riscv/logs/smoke-basic-os/oe_test_glibc_getaddrinfo_01/2023-08-08-11_50_54.log,缺少host命令
smoke-basic-os,oe_test_mtr,success,03fail,./mugen-riscv/logs/smoke-basic-os/oe_test_mtr/2023-08-08-13_05_44.log,None
smoke-basic-os,oe_test_libcgroup_01,success,,./mugen-riscv/logs/smoke-basic-os/oe_test_libcgroup_01/2023-08-08-12_03_55.log,None
smoke-basic-os,oe_test_pciutils,success,,./mugen-riscv/logs/smoke-basic-os/oe_test_pciutils/2023-08-08-10_44_14.log,None
smoke-basic-os,oe_test_Netlink_ip_01,success,,./mugen-riscv/logs/smoke-basic-os/oe_test_Netlink_ip_01/2023-08-08-13_47_05.log,None
smoke-basic-os,oe_test_mktemp,success,,./mugen-riscv/logs/smoke-basic-os/oe_test_mktemp/2023-08-08-12_09_25.log,None
smoke-basic-os,oe_test_file_001,success,,./mugen-riscv/logs/smoke-basic-os/oe_test_file_001/2023-08-08-10_23_14.log,None
smoke-basic-os,oe_test_hdparm,success,,./mugen-riscv/logs/smoke-basic-os/oe_test_hdparm/2023-08-08-10_29_32.log,None
smoke-basic-os,oe_test_journalctl,success,,./mugen-riscv/logs/smoke-basic-os/oe_test_journalctl/2023-08-08-10_33_36.log,None
smoke-basic-os,oe_test_CPUinfo_001,fail,same,./mugen-riscv/logs/smoke-basic-os/oe_test_CPUinfo_001/2023-08-08-09_51_27.log,
smoke-basic-os,oe_test_network_001,fail,same,./mugen-riscv/logs/smoke-basic-os/oe_test_network_001/2023-08-08-10_41_13.log,preinstall absent
smoke-basic-os,oe_test_libxml2_002,success,03fail,./mugen-riscv/logs/smoke-basic-os/oe_test_libxml2_002/2023-08-08-14_00_34.log,None
smoke-basic-os,oe_test_python_subprocess_03,success,,./mugen-riscv/logs/smoke-basic-os/oe_test_python_subprocess_03/2023-08-08-12_21_49.log,None
smoke-basic-os,oe_test_atd,success,,./mugen-riscv/logs/smoke-basic-os/oe_test_atd/2023-08-08-11_37_21.log,None
smoke-basic-os,oe_test_ip_ipv6_04,success,03fail,./mugen-riscv/logs/smoke-basic-os/oe_test_ip_ipv6_04/2023-08-08-11_54_13.log,None
smoke-basic-os,oe_test_curl_01,success,,./mugen-riscv/logs/smoke-basic-os/oe_test_curl_01/2023-08-08-11_42_47.log,None
smoke-basic-os,oe_test_log_001,fail,09fail,./mugen-riscv/logs/smoke-basic-os/oe_test_log_001/2023-08-08-10_35_48.log,没有/var/log/messages目录
smoke-basic-os,oe_test_aide_config_cfgfile,success,,./mugen-riscv/logs/smoke-basic-os/oe_test_aide_config_cfgfile/2023-08-08-13_08_40.log,None
smoke-basic-os,oe_test_ip_ipv6_03,success,03fail,./mugen-riscv/logs/smoke-basic-os/oe_test_ip_ipv6_03/2023-08-08-11_54_05.log,None
smoke-basic-os,oe_test_python_urllib3_urlopen_02,success,,./mugen-riscv/logs/smoke-basic-os/oe_test_python_urllib3_urlopen_02/2023-08-08-12_23_43.log,None
smoke-basic-os,oe_test_python_01,success,,./mugen-riscv/logs/smoke-basic-os/oe_test_python_01/2023-08-08-12_18_21.log,None
smoke-basic-os,oe_test_route_ipv6,success,03fail,./mugen-riscv/logs/smoke-basic-os/oe_test_route_ipv6/2023-08-08-12_24_44.log,None
smoke-basic-os,oe_test_perf,fail,same,./mugen-riscv/logs/smoke-basic-os/oe_test_perf/2023-08-08-10_45_07.log,测试出错 cycles: PMU Hardware doesn't support sampling/overflow-interrupts. Try 'perf stat'
smoke-basic-os,oe_test_iproute_ipv6_01,success,03fail,./mugen-riscv/logs/smoke-basic-os/oe_test_iproute_ipv6_01/2023-08-08-11_54_29.log,None
smoke-basic-os,oe_test_grep_001,success,,./mugen-riscv/logs/smoke-basic-os/oe_test_grep_001/2023-08-08-10_27_42.log,None
smoke-basic-os,oe_test_chroncy_001,success,,./mugen-riscv/logs/smoke-basic-os/oe_test_chroncy_001/2023-08-08-10_55_25.log,None
smoke-basic-os,oe_test_systemd_SCEN_14,success,,./mugen-riscv/logs/smoke-basic-os/oe_test_systemd_SCEN_14/2023-08-08-13_04_47.log,None
smoke-basic-os,oe_test_bc,success,,./mugen-riscv/logs/smoke-basic-os/oe_test_bc/2023-08-08-11_40_16.log,None
smoke-basic-os,oe_test_systemd_SCEN_13,success,,./mugen-riscv/logs/smoke-basic-os/oe_test_systemd_SCEN_13/2023-08-08-13_04_33.log,None
smoke-basic-os,oe_test_audit_abnormal_kill,success,,./mugen-riscv/logs/smoke-basic-os/oe_test_audit_abnormal_kill/2023-08-08-13_42_03.log,None
smoke-basic-os,oe_test_netstat_01,success,,./mugen-riscv/logs/smoke-basic-os/oe_test_netstat_01/2023-08-08-13_47_47.log,None
smoke-basic-os,oe_test_iscsi,success,03fail,./mugen-riscv/logs/smoke-basic-os/oe_test_iscsi/2023-08-08-10_31_27.log,None
smoke-basic-os,oe_test_nmap,success,,./mugen-riscv/logs/smoke-basic-os/oe_test_nmap/2023-08-08-12_13_44.log,None
smoke-basic-os,oe_test_ncurses,fail,same,./mugen-riscv/logs/smoke-basic-os/oe_test_ncurses/2023-08-08-12_09_34.log,
smoke-basic-os,oe_test_IPV6_traceroute6_02,success,03fail,./mugen-riscv/logs/smoke-basic-os/oe_test_IPV6_traceroute6_02/2023-08-08-11_57_47.log,None
smoke-basic-os,oe_test_df,success,,./mugen-riscv/logs/smoke-basic-os/oe_test_df/2023-08-08-10_23_05.log,None
smoke-basic-os,oe_test_ipv6_dnsmasq,fail,09fail,./mugen-riscv/logs/smoke-basic-os/oe_test_ipv6_dnsmasq/2023-08-08-11_56_27.log,2309中找不到bind-utils软件包
smoke-basic-os,oe_test_sudo,success,,./mugen-riscv/logs/smoke-basic-os/oe_test_sudo/2023-08-08-12_52_48.log,None
smoke-basic-os,oe_test_find,success,,./mugen-riscv/logs/smoke-basic-os/oe_test_find/2023-08-08-13_05_13.log,None
smoke-basic-os,oe_test_systemd_SCEN_12,success,,./mugen-riscv/logs/smoke-basic-os/oe_test_systemd_SCEN_12/2023-08-08-13_04_19.log,None
smoke-basic-os,oe_test_mpstat_01,success,,./mugen-riscv/logs/smoke-basic-os/oe_test_mpstat_01/2023-08-08-13_45_26.log,None
smoke-basic-os,oe_test_IPV6_traceroute6_tracepath6,success,,./mugen-riscv/logs/smoke-basic-os/oe_test_IPV6_traceroute6_tracepath6/2023-08-08-11_58_34.log,None
smoke-basic-os,oe_test_systemd_SCEN_15,success,,./mugen-riscv/logs/smoke-basic-os/oe_test_systemd_SCEN_15/2023-08-08-13_05_00.log,None
smoke-basic-os,oe_test_rsyslog_10,fail,09fail,./mugen-riscv/logs/smoke-basic-os/oe_test_rsyslog_10/2023-08-08-12_34_36.log,date命令输出发生变化
smoke-basic-os,oe_test_audit_fixed_memory_02,success,03fail,./mugen-riscv/logs/smoke-basic-os/oe_test_audit_fixed_memory_02/2023-08-08-13_43_04.log,None
smoke-basic-os,oe_test_gcc_002,success,,./mugen-riscv/logs/smoke-basic-os/oe_test_gcc_002/2023-08-08-14_02_16.log,None
smoke-basic-os,oe_test_time_01,success,,./mugen-riscv/logs/smoke-basic-os/oe_test_time_01/2023-08-08-12_59_07.log,None
smoke-basic-os,oe_test_lz4_02,success,,./mugen-riscv/logs/smoke-basic-os/oe_test_lz4_02/2023-08-08-12_08_33.log,None
smoke-basic-os,oe_test_gcc,success,,./mugen-riscv/logs/smoke-basic-os/oe_test_gcc/2023-08-08-10_59_17.log,None
smoke-basic-os,oe_test_sudo_maxseq,success,,./mugen-riscv/logs/smoke-basic-os/oe_test_sudo_maxseq/2023-08-08-12_51_31.log,None
smoke-basic-os,oe_test_iproute,success,,./mugen-riscv/logs/smoke-basic-os/oe_test_iproute/2023-08-08-11_54_39.log,None
smoke-basic-os,oe_test_iptables-save,fail,diff,./mugen-riscv/logs/smoke-basic-os/oe_test_iptables-save/2023-08-08-11_55_05.log,没有预装iptables
smoke-basic-os,oe_test_user_001,success,,./mugen-riscv/logs/smoke-basic-os/oe_test_user_001/2023-08-08-10_53_19.log,None
smoke-basic-os,oe_test_basic_ssh_001,success,,./mugen-riscv/logs/smoke-basic-os/oe_test_basic_ssh_001/2023-08-08-09_50_05.log,None
smoke-basic-os,oe_test_cd_002,success,,./mugen-riscv/logs/smoke-basic-os/oe_test_cd_002/2023-08-08-09_50_32.log,None
smoke-basic-os,oe_test_MEMinfo_001,fail,same,./mugen-riscv/logs/smoke-basic-os/oe_test_MEMinfo_001/2023-08-08-10_38_47.log,测试套问题，预期的 lshw 输出不适合 rv 架构
smoke-basic-os,oe_test_nfs_01,success,,./mugen-riscv/logs/smoke-basic-os/oe_test_nfs_01/2023-08-08-12_09_48.log,None
smoke-basic-os,oe_test_systemd_SCEN_02,success,,./mugen-riscv/logs/smoke-basic-os/oe_test_systemd_SCEN_02/2023-08-08-13_01_39.log,None
smoke-basic-os,oe_test_less,success,,./mugen-riscv/logs/smoke-basic-os/oe_test_less/2023-08-08-12_03_46.log,None
smoke-basic-os,oe_test_rsyslog_07,fail,09fail,./mugen-riscv/logs/smoke-basic-os/oe_test_rsyslog_07/2023-08-08-12_32_56.log,没有预装rsyslog
smoke-basic-os,oe_test_systemd_SCEN_05,success,,./mugen-riscv/logs/smoke-basic-os/oe_test_systemd_SCEN_05/2023-08-08-13_02_28.log,None
smoke-basic-os,oe_test_rsyslog_09,fail,09fail,./mugen-riscv/logs/smoke-basic-os/oe_test_rsyslog_09/2023-08-08-12_33_47.log,没有预装rsyslog
smoke-basic-os,oe_test_ip_rule_01,success,03fail,./mugen-riscv/logs/smoke-basic-os/oe_test_ip_rule_01/2023-08-08-11_54_48.log,None
smoke-basic-os,oe_test_systemd-update-utmp,success,,./mugen-riscv/logs/smoke-basic-os/oe_test_systemd-update-utmp/2023-08-08-12_56_13.log,None
smoke-basic-os,oe_test_ebtables,fail,same,./mugen-riscv/logs/smoke-basic-os/oe_test_ebtables/2023-08-08-11_50_00.log,"preinstall absent
"
smoke-basic-os,oe_test_sort,fail,09fail,./mugen-riscv/logs/smoke-basic-os/oe_test_sort/2023-08-08-10_47_30.log,新版sort默认不忽略空行
smoke-basic-os,oe_test_popt,success,,./mugen-riscv/logs/smoke-basic-os/oe_test_popt/2023-08-08-13_58_10.log,None
smoke-basic-os,oe_test_acpid,success,,./mugen-riscv/logs/smoke-basic-os/oe_test_acpid/2023-08-08-11_03_01.log,None
smoke-basic-os,oe_test_which,success,,./mugen-riscv/logs/smoke-basic-os/oe_test_which/2023-08-08-10_54_10.log,None
smoke-basic-os,oe_test_dbus-binging-tool,success,,./mugen-riscv/logs/smoke-basic-os/oe_test_dbus-binging-tool/2023-08-08-11_45_04.log,None
smoke-basic-os,oe_test_normal_tcpdump_03,success,03fail,./mugen-riscv/logs/smoke-basic-os/oe_test_normal_tcpdump_03/2023-08-08-12_14_56.log,None
smoke-basic-os,oe_test_mtr_01,success,,./mugen-riscv/logs/smoke-basic-os/oe_test_mtr_01/2023-08-08-13_46_12.log,None
smoke-basic-os,oe_test_normal_tcpdump_04,success,03fail,./mugen-riscv/logs/smoke-basic-os/oe_test_normal_tcpdump_04/2023-08-08-13_48_57.log,None
smoke-basic-os,oe_test_mv_002,success,,./mugen-riscv/logs/smoke-basic-os/oe_test_mv_002/2023-08-08-10_54_59.log,None
smoke-basic-os,oe_test_perf_top_01,fail,same,./mugen-riscv/logs/smoke-basic-os/oe_test_perf_top_01/2023-08-08-13_50_23.log,测试出错 cycles: PMU Hardware doesn't support sampling/overflow-interrupts. Try 'perf stat'
smoke-basic-os,oe_test_service,success,03fail,./mugen-riscv/logs/smoke-basic-os/oe_test_service/2023-08-08-12_49_57.log,None
smoke-basic-os,oe_test_rsyslog_08,fail,09fail,./mugen-riscv/logs/smoke-basic-os/oe_test_rsyslog_08/2023-08-08-12_33_07.log,没有预装rsyslog
smoke-basic-os,oe_test_systemd_SCEN_04,success,,./mugen-riscv/logs/smoke-basic-os/oe_test_systemd_SCEN_04/2023-08-08-13_02_16.log,None
smoke-basic-os,oe_test_os-prober_02,fail,09fail,./mugen-riscv/logs/smoke-basic-os/oe_test_os-prober_02/2023-08-08-12_18_04.log,没有预装os-prober
smoke-basic-os,oe_test_rsyslog_01,fail,09fail,./mugen-riscv/logs/smoke-basic-os/oe_test_rsyslog_01/2023-08-08-12_27_34.log,没有预装rsyslog
smoke-basic-os,oe_test_attr_001,success,,./mugen-riscv/logs/smoke-basic-os/oe_test_attr_001/2023-08-08-12_58_22.log,None
smoke-basic-os,oe_test_rsyslog_06,fail,09fail,./mugen-riscv/logs/smoke-basic-os/oe_test_rsyslog_06/2023-08-08-12_32_38.log,没有预装rsyslog
smoke-basic-os,oe_test_logrotate_001,success,,./mugen-riscv/logs/smoke-basic-os/oe_test_logrotate_001/2023-08-08-10_36_06.log,None
smoke-basic-os,oe_test_pwd_002,success,,./mugen-riscv/logs/smoke-basic-os/oe_test_pwd_002/2023-08-08-13_05_37.log,None
smoke-basic-os,oe_test_systemd_SCEN_03,success,,./mugen-riscv/logs/smoke-basic-os/oe_test_systemd_SCEN_03/2023-08-08-13_01_52.log,None
smoke-basic-os,oe_test_hwclock,success,,./mugen-riscv/logs/smoke-basic-os/oe_test_hwclock/2023-08-08-11_52_28.log,None
smoke-basic-os,oe_test_sadf_001,success,,./mugen-riscv/logs/smoke-basic-os/oe_test_sadf_001/2023-08-08-13_07_11.log,None
smoke-basic-os,oe_test_dracut,success,,./mugen-riscv/logs/smoke-basic-os/oe_test_dracut/2023-08-08-11_46_59.log,None
smoke-basic-os,oe_test_normal_tcpdump_02,success,03fail,./mugen-riscv/logs/smoke-basic-os/oe_test_normal_tcpdump_02/2023-08-08-13_48_08.log,None
smoke-basic-os,oe_test_dd_001,success,,./mugen-riscv/logs/smoke-basic-os/oe_test_dd_001/2023-08-08-10_22_32.log,None
smoke-basic-os,oe_test_syslog_journald_001,success,,./mugen-riscv/logs/smoke-basic-os/oe_test_syslog_journald_001/2023-08-08-10_51_06.log,None
smoke-basic-os,oe_test_ipv6_VLAN_01,success,03fail,./mugen-riscv/logs/smoke-basic-os/oe_test_ipv6_VLAN_01/2023-08-08-11_59_16.log,None
smoke-basic-os,oe_test_Numad_01,success,,./mugen-riscv/logs/smoke-basic-os/oe_test_Numad_01/2023-08-08-13_49_38.log,None
smoke-basic-os,oe_test_openssl,success,,./mugen-riscv/logs/smoke-basic-os/oe_test_openssl/2023-08-08-10_43_48.log,None
smoke-basic-os,oe_test_procps-ng-sysctl,success,,./mugen-riscv/logs/smoke-basic-os/oe_test_procps-ng-sysctl/2023-08-08-12_58_45.log,None
smoke-basic-os,oe_test_aide_security,success,,./mugen-riscv/logs/smoke-basic-os/oe_test_aide_security/2023-08-08-13_35_39.log,None
smoke-basic-os,oe_test_ethtool_01,fail,same,./mugen-riscv/logs/smoke-basic-os/oe_test_ethtool_01/2023-08-08-11_50_11.log,"preinstall absent
"
smoke-basic-os,oe_test_dbus-cleanup-sockets,success,,./mugen-riscv/logs/smoke-basic-os/oe_test_dbus-cleanup-sockets/2023-08-08-11_45_49.log,None
smoke-basic-os,oe_test_tcpdump,success,,./mugen-riscv/logs/smoke-basic-os/oe_test_tcpdump/2023-08-08-12_56_20.log,None
smoke-basic-os,oe_test_firewalld_server,fail,same,./mugen-riscv/logs/smoke-basic-os/oe_test_firewalld_server/2023-08-08-11_50_43.log,"preinstall absent
"
smoke-basic-os,oe_test_user_debug_iotop_SCEN_01,fail,09fail,./mugen-riscv/logs/smoke-basic-os/oe_test_user_debug_iotop_SCEN_01/2023-08-08-13_57_16.log,未能正确显示PRIO
smoke-basic-os,oe_test_aide_compare_database,success,,./mugen-riscv/logs/smoke-basic-os/oe_test_aide_compare_database/2023-08-08-11_03_47.log,None
smoke-basic-os,oe_test_ip6tables_01,fail,diff,./mugen-riscv/logs/smoke-basic-os/oe_test_ip6tables_01/2023-08-08-11_53_15.log,没有预装iptables
smoke-basic-os,oe_test_rm_001,success,,./mugen-riscv/logs/smoke-basic-os/oe_test_rm_001/2023-08-08-10_54_00.log,None
smoke-basic-os,oe_test_dbus-send,success,,./mugen-riscv/logs/smoke-basic-os/oe_test_dbus-send/2023-08-08-11_46_16.log,None
smoke-basic-os,oe_test_python_pip_install,success,,./mugen-riscv/logs/smoke-basic-os/oe_test_python_pip_install/2023-08-08-12_18_31.log,None
smoke-basic-os,oe_test_unalias_001,success,,./mugen-riscv/logs/smoke-basic-os/oe_test_unalias_001/2023-08-08-12_58_52.log,None
smoke-basic-os,oe_test_group_002,success,,./mugen-riscv/logs/smoke-basic-os/oe_test_group_002/2023-08-08-10_28_05.log,None
smoke-basic-os,oe_test_arping,success,03fail,./mugen-riscv/logs/smoke-basic-os/oe_test_arping/2023-08-08-11_37_07.log,None
smoke-basic-os,oe_test_source,success,,./mugen-riscv/logs/smoke-basic-os/oe_test_source/2023-08-08-13_05_25.log,None
smoke-basic-os,oe_test_wget,success,,./mugen-riscv/logs/smoke-basic-os/oe_test_wget/2023-08-08-13_00_27.log,None
smoke-basic-os,oe_test_ntp_01,success,,./mugen-riscv/logs/smoke-basic-os/oe_test_ntp_01/2023-08-08-12_15_44.log,None
smoke-basic-os,oe_test_shadow,success,,./mugen-riscv/logs/smoke-basic-os/oe_test_shadow/2023-08-08-12_50_52.log,None
smoke-basic-os,oe_test_tr,success,,./mugen-riscv/logs/smoke-basic-os/oe_test_tr/2023-08-08-13_58_01.log,None
smoke-basic-os,oe_test_less_001,success,,./mugen-riscv/logs/smoke-basic-os/oe_test_less_001/2023-08-08-10_35_02.log,None
smoke-basic-os,oe_test_let,success,,./mugen-riscv/logs/smoke-basic-os/oe_test_let/2023-08-08-13_08_25.log,None
smoke-basic-os,oe_test_mkdosfs,fail,same,./mugen-riscv/logs/smoke-basic-os/oe_test_mkdosfs/2023-08-08-14_02_47.log,将硬盘格式化时出现问题，无法在上面创建文件inode
smoke-basic-os,oe_test_syslog_journalctl_001,success,,./mugen-riscv/logs/smoke-basic-os/oe_test_syslog_journalctl_001/2023-08-08-10_50_46.log,None
smoke-basic-os,oe_test_bridge-utils_01,success,,./mugen-riscv/logs/smoke-basic-os/oe_test_bridge-utils_01/2023-08-08-11_40_32.log,None
smoke-basic-os,oe_test_syslog_logrotate_001,fail,same,./mugen-riscv/logs/smoke-basic-os/oe_test_syslog_logrotate_001/2023-08-08-10_51_20.log,/var/log/messages 目录不存在
smoke-basic-os,oe_test_bonding_SCEN_05,success,03fail,./mugen-riscv/logs/smoke-basic-os/oe_test_bonding_SCEN_05/2023-08-08-13_44_11.log,None
smoke-basic-os,oe_test_golang,success,,./mugen-riscv/logs/smoke-basic-os/oe_test_golang/2023-08-08-10_23_28.log,None
smoke-basic-os,oe_test_umask_002,success,,./mugen-riscv/logs/smoke-basic-os/oe_test_umask_002/2023-08-08-10_59_56.log,None
smoke-basic-os,oe_test_haproxy,success,,./mugen-riscv/logs/smoke-basic-os/oe_test_haproxy/2023-08-08-10_28_18.log,None
smoke-basic-os,oe_test_glibc_getaddrinfo_02,success,,./mugen-riscv/logs/smoke-basic-os/oe_test_glibc_getaddrinfo_02/2023-08-08-11_51_51.log,None
smoke-basic-os,oe_test_curl_03,success,,./mugen-riscv/logs/smoke-basic-os/oe_test_curl_03/2023-08-08-11_44_55.log,None
smoke-basic-os,oe_test_ip_ipv6_01,success,03fail,./mugen-riscv/logs/smoke-basic-os/oe_test_ip_ipv6_01/2023-08-08-11_53_47.log,None
smoke-basic-os,oe_test_ln_001,success,,./mugen-riscv/logs/smoke-basic-os/oe_test_ln_001/2023-08-08-10_34_50.log,None
smoke-basic-os,oe_test_rmdir_001,success,,./mugen-riscv/logs/smoke-basic-os/oe_test_rmdir_001/2023-08-08-10_46_16.log,None
smoke-basic-os,oe_test_pcre_001,success,,./mugen-riscv/logs/smoke-basic-os/oe_test_pcre_001/2023-08-08-12_12_58.log,None
smoke-basic-os,oe_test_libcgroup_02,success,,./mugen-riscv/logs/smoke-basic-os/oe_test_libcgroup_02/2023-08-08-12_04_40.log,None
smoke-basic-os,oe_test_aide_config_check,success,,./mugen-riscv/logs/smoke-basic-os/oe_test_aide_config_check/2023-08-08-13_22_04.log,None
smoke-basic-os,oe_test_python_subprocess_01,success,,./mugen-riscv/logs/smoke-basic-os/oe_test_python_subprocess_01/2023-08-08-12_21_32.log,None
smoke-basic-os,oe_test_ifconfig_ipv6_01,success,03fail,./mugen-riscv/logs/smoke-basic-os/oe_test_ifconfig_ipv6_01/2023-08-08-11_52_55.log,None
smoke-basic-os,oe_test_ipv6_sysctl_02,success,,./mugen-riscv/logs/smoke-basic-os/oe_test_ipv6_sysctl_02/2023-08-08-13_45_10.log,None
smoke-basic-os,oe_test_dbus-uuidgen,success,,./mugen-riscv/logs/smoke-basic-os/oe_test_dbus-uuidgen/2023-08-08-11_46_33.log,None
smoke-basic-os,oe_test_systemd_journald,success,03fail,./mugen-riscv/logs/smoke-basic-os/oe_test_systemd_journald/2023-08-08-12_56_00.log,None
smoke-basic-os,oe_test_libcgroup_03,success,,./mugen-riscv/logs/smoke-basic-os/oe_test_libcgroup_03/2023-08-08-12_05_26.log,None
smoke-basic-os,oe_test_gzip,success,,./mugen-riscv/logs/smoke-basic-os/oe_test_gzip/2023-08-08-11_52_19.log,None
smoke-basic-os,oe_test_libcgroup_04,success,03fail,./mugen-riscv/logs/smoke-basic-os/oe_test_libcgroup_04/2023-08-08-12_06_19.log,None
smoke-basic-os,oe_test_ndctl,success,,./mugen-riscv/logs/smoke-basic-os/oe_test_ndctl/2023-08-08-10_40_11.log,None
smoke-basic-os,oe_test_python_urllib3_urlopen_01,success,,./mugen-riscv/logs/smoke-basic-os/oe_test_python_urllib3_urlopen_01/2023-08-08-12_22_43.log,None
smoke-basic-os,oe_test_tar_001,success,,./mugen-riscv/logs/smoke-basic-os/oe_test_tar_001/2023-08-08-10_51_34.log,None
smoke-basic-os,oe_test_dbus,success,,./mugen-riscv/logs/smoke-basic-os/oe_test_dbus/2023-08-08-11_46_23.log,None
smoke-basic-os,oe_test_dbus-daemon,success,,./mugen-riscv/logs/smoke-basic-os/oe_test_dbus-daemon/2023-08-08-11_45_56.log,None
smoke-basic-os,oe_test_curl_02,success,,./mugen-riscv/logs/smoke-basic-os/oe_test_curl_02/2023-08-08-11_43_40.log,None
smoke-basic-os,oe_test_criu,fail,same,./mugen-riscv/logs/smoke-basic-os/oe_test_criu/2023-08-08-10_21_33.log,待测软件包 criu 不存在
smoke-basic-os,oe_test_mkdir_001,success,,./mugen-riscv/logs/smoke-basic-os/oe_test_mkdir_001/2023-08-08-10_39_46.log,None
smoke-basic-os,oe_test_lsscsi,success,,./mugen-riscv/logs/smoke-basic-os/oe_test_lsscsi/2023-08-08-10_37_01.log,None
smoke-basic-os,oe_test_sudo_U,success,,./mugen-riscv/logs/smoke-basic-os/oe_test_sudo_U/2023-08-08-12_54_53.log,None
smoke-basic-os,oe_test_llvm,fail,09fail,./mugen-riscv/logs/smoke-basic-os/oe_test_llvm/2023-08-08-11_00_18.log,clang调用ld报错
smoke-basic-os,oe_test_chown_001,success,,./mugen-riscv/logs/smoke-basic-os/oe_test_chown_001/2023-08-08-09_51_05.log,None
smoke-basic-os,oe_test_rule_ipv6,success,03fail,./mugen-riscv/logs/smoke-basic-os/oe_test_rule_ipv6/2023-08-08-12_49_50.log,None
smoke-basic-os,oe_test_libxml2_001,success,03fail,./mugen-riscv/logs/smoke-basic-os/oe_test_libxml2_001/2023-08-08-13_59_42.log,None
smoke-basic-os,oe_test_skopeo,fail,diff,./mugen-riscv/logs/smoke-basic-os/oe_test_skopeo/2023-08-08-10_47_43.log,2309中找不到bind-utils软件包skopeo
smoke-basic-os,oe_test_user_003,success,,./mugen-riscv/logs/smoke-basic-os/oe_test_user_003/2023-08-08-10_53_47.log,None
smoke-basic-os,oe_test_aide_update_database,success,,./mugen-riscv/logs/smoke-basic-os/oe_test_aide_update_database/2023-08-08-11_14_26.log,None
smoke-basic-os,oe_test_nfs_03,success,,./mugen-riscv/logs/smoke-basic-os/oe_test_nfs_03/2023-08-08-12_11_53.log,None
smoke-basic-os,oe_test_gettext,fail,same,./mugen-riscv/logs/smoke-basic-os/oe_test_gettext/2023-08-08-12_21_58.log,
smoke-basic-os,oe_test_sar_01,success,,./mugen-riscv/logs/smoke-basic-os/oe_test_sar_01/2023-08-08-13_51_08.log,None
smoke-basic-os,oe_test_mke2fs,fail,same,./mugen-riscv/logs/smoke-basic-os/oe_test_mke2fs/2023-08-08-14_04_17.log,
smoke-basic-os,oe_test_diffstat_001,success,,./mugen-riscv/logs/smoke-basic-os/oe_test_diffstat_001/2023-08-08-10_56_22.log,None
smoke-basic-os,oe_test_cp_001,success,,./mugen-riscv/logs/smoke-basic-os/oe_test_cp_001/2023-08-08-09_51_17.log,None
smoke-basic-os,oe_test_IPV6_traceroute6_01,success,,./mugen-riscv/logs/smoke-basic-os/oe_test_IPV6_traceroute6_01/2023-08-08-11_57_05.log,None
smoke-basic-os,oe_test_lzo,success,,./mugen-riscv/logs/smoke-basic-os/oe_test_lzo/2023-08-08-10_37_53.log,None
smoke-basic-os,oe_test_hwdata,success,,./mugen-riscv/logs/smoke-basic-os/oe_test_hwdata/2023-08-08-11_52_47.log,None
smoke-basic-os,oe_test_bbr_02,fail,same,./mugen-riscv/logs/smoke-basic-os/oe_test_bbr_02/2023-08-08-13_43_52.log,/proc/sys/net/ipv4/tcp_congestion_control 无法写入
smoke-basic-os,oe_test_systemd_SCEN_10,success,,./mugen-riscv/logs/smoke-basic-os/oe_test_systemd_SCEN_10/2023-08-08-13_03_48.log,None
smoke-basic-os,oe_test_chkconfig_01,success,,./mugen-riscv/logs/smoke-basic-os/oe_test_chkconfig_01/2023-08-08-13_58_51.log,None
smoke-basic-os,oe_test_perl,success,,./mugen-riscv/logs/smoke-basic-os/oe_test_perl/2023-08-08-12_18_12.log,None
smoke-basic-os,oe_test_ima_v2_manual_gen_digest_01,fail,diff,./mugen-riscv/logs/smoke-basic-os/oe_test_ima_v2_manual_gen_digest_01/2023-08-08-13_44_23.log,2309中没有digest-list-tools的依赖
smoke-basic-os,oe_test_nfs_02,success,,./mugen-riscv/logs/smoke-basic-os/oe_test_nfs_02/2023-08-08-12_10_47.log,None
smoke-basic-os,oe_test_cifsclient,success,,./mugen-riscv/logs/smoke-basic-os/oe_test_cifsclient/2023-08-08-11_41_34.log,None
smoke-basic-os,oe_test_user_002,success,,./mugen-riscv/logs/smoke-basic-os/oe_test_user_002/2023-08-08-10_53_34.log,None
smoke-basic-os,oe_test_httpd,success,,./mugen-riscv/logs/smoke-basic-os/oe_test_httpd/2023-08-08-10_30_19.log,None
smoke-basic-os,oe_test_rpm_cmd,fail,09fail,./mugen-riscv/logs/smoke-basic-os/oe_test_rpm_cmd/2023-08-08-12_26_28.log,命令yum download报错
smoke-basic-os,oe_test_audit_fixed_memory_01,success,,./mugen-riscv/logs/smoke-basic-os/oe_test_audit_fixed_memory_01/2023-08-08-13_42_51.log,None
smoke-basic-os,oe_test_lsof,success,,./mugen-riscv/logs/smoke-basic-os/oe_test_lsof/2023-08-08-12_07_31.log,None
smoke-basic-os,oe_test_systemd_SCEN_11,success,,./mugen-riscv/logs/smoke-basic-os/oe_test_systemd_SCEN_11/2023-08-08-13_04_07.log,None
smoke-basic-os,oe_test_route_ipv4,success,,./mugen-riscv/logs/smoke-basic-os/oe_test_route_ipv4/2023-08-08-12_24_25.log,None
smoke-basic-os,oe_test_tftp_ipv6,success,03fail,./mugen-riscv/logs/smoke-basic-os/oe_test_tftp_ipv6/2023-08-08-12_57_04.log,None
smoke-basic-os,oe_test_sshd,success,,./mugen-riscv/logs/smoke-basic-os/oe_test_sshd/2023-08-08-12_51_05.log,None
smoke-basic-os,oe_test_bbr_04,success,03fail,./mugen-riscv/logs/smoke-basic-os/oe_test_bbr_04/2023-08-08-13_44_03.log,None
smoke-basic-os,oe_test_gcc_001,success,03fail,./mugen-riscv/logs/smoke-basic-os/oe_test_gcc_001/2023-08-08-14_01_15.log,None
smoke-basic-os,oe_test_dateinfo_001,success,,./mugen-riscv/logs/smoke-basic-os/oe_test_dateinfo_001/2023-08-08-10_22_22.log,None
smoke-basic-os,oe_test_lz4_01,success,,./mugen-riscv/logs/smoke-basic-os/oe_test_lz4_01/2023-08-08-12_08_19.log,None
smoke-basic-os,oe_test_time_02,success,,./mugen-riscv/logs/smoke-basic-os/oe_test_time_02/2023-08-08-12_59_48.log,None
patchutils,oe_test_patchutils_lsdiff_01,success,,./mugen-riscv/logs/patchutils/oe_test_patchutils_lsdiff_01/2023-08-08-10_00_11.log,None
patchutils,oe_test_patchutils_interdiff_02,success,,./mugen-riscv/logs/patchutils/oe_test_patchutils_interdiff_02/2023-08-08-09_59_23.log,None
patchutils,oe_test_patchutils_combinediff_02,success,,./mugen-riscv/logs/patchutils/oe_test_patchutils_combinediff_02/2023-08-08-09_50_46.log,None
patchutils,oe_test_patchutils_filterdiff_01,success,,./mugen-riscv/logs/patchutils/oe_test_patchutils_filterdiff_01/2023-08-08-09_51_38.log,None
patchutils,oe_test_patchutils_flipdiff_02,success,,./mugen-riscv/logs/patchutils/oe_test_patchutils_flipdiff_02/2023-08-08-09_54_52.log,None
patchutils,oe_test_patchutils_grepdiff_01,success,,./mugen-riscv/logs/patchutils/oe_test_patchutils_grepdiff_01/2023-08-08-09_55_33.log,None
patchutils,oe_test_patchutils_lsdiff_02,success,,./mugen-riscv/logs/patchutils/oe_test_patchutils_lsdiff_02/2023-08-08-10_00_56.log,None
patchutils,oe_test_patchutils_lsdiff_04,success,,./mugen-riscv/logs/patchutils/oe_test_patchutils_lsdiff_04/2023-08-08-10_02_27.log,None
patchutils,oe_test_patchutils_interdiff_01,fail,same,./mugen-riscv/logs/patchutils/oe_test_patchutils_interdiff_01/2023-08-08-09_58_35.log,
patchutils,oe_test_patchutils_lsdiff_03,success,,./mugen-riscv/logs/patchutils/oe_test_patchutils_lsdiff_03/2023-08-08-10_01_42.log,None
patchutils,oe_test_patchutils_combinediff_01,fail,same,./mugen-riscv/logs/patchutils/oe_test_patchutils_combinediff_01/2023-08-08-09_49_51.log,
patchutils,oe_test_patchutils_filterdiff_03,success,,./mugen-riscv/logs/patchutils/oe_test_patchutils_filterdiff_03/2023-08-08-09_53_12.log,None
patchutils,oe_test_patchutils_filterdiff_02,success,,./mugen-riscv/logs/patchutils/oe_test_patchutils_filterdiff_02/2023-08-08-09_52_26.log,None
patchutils,oe_test_patchutils_grepdiff_04,success,,./mugen-riscv/logs/patchutils/oe_test_patchutils_grepdiff_04/2023-08-08-09_57_50.log,None
patchutils,oe_test_patchutils_grepdiff_03,success,,./mugen-riscv/logs/patchutils/oe_test_patchutils_grepdiff_03/2023-08-08-09_57_04.log,None
patchutils,oe_test_patchutils_flipdiff_01,fail,same,./mugen-riscv/logs/patchutils/oe_test_patchutils_flipdiff_01/2023-08-08-09_54_04.log,
patchutils,oe_test_patchutils_grepdiff_02,success,,./mugen-riscv/logs/patchutils/oe_test_patchutils_grepdiff_02/2023-08-08-09_56_18.log,None
patchutils,oe_test_patchutils_splitdiff,success,,./mugen-riscv/logs/patchutils/oe_test_patchutils_splitdiff/2023-08-08-10_03_14.log,None
rsync,oe_test_service_rsyncd,success,,./mugen-riscv/logs/rsync/oe_test_service_rsyncd/2023-08-08-20_12_16.log,None
rsync,oe_test_socket_rsyncd,success,,./mugen-riscv/logs/rsync/oe_test_socket_rsyncd/2023-08-08-20_13_37.log,None
dbus,oe_test_socket_dbus,fail,09fail,./mugen-riscv/logs/dbus/oe_test_socket_dbus/2023-08-08-11_14_29.log,重新测试通过
dbus,oe_test_service_dbus,success,,./mugen-riscv/logs/dbus/oe_test_service_dbus/2023-08-08-11_13_47.log,None
binutils,oe_test_binutils_size,success,,./mugen-riscv/logs/binutils/oe_test_binutils_size/2023-08-08-10_01_29.log,None
binutils,oe_test_binutils_readelf,success,,./mugen-riscv/logs/binutils/oe_test_binutils_readelf/2023-08-08-10_03_29.log,None
binutils,oe_test_binutils_objdump,success,,./mugen-riscv/logs/binutils/oe_test_binutils_objdump/2023-08-08-10_03_09.log,None
binutils,oe_test_binutils_ar,success,,./mugen-riscv/logs/binutils/oe_test_binutils_ar/2023-08-08-10_02_29.log,None
binutils,oe_test_binutils_addr2line,success,,./mugen-riscv/logs/binutils/oe_test_binutils_addr2line/2023-08-08-10_02_09.log,None
binutils,oe_test_binutils_nm,success,,./mugen-riscv/logs/binutils/oe_test_binutils_nm/2023-08-08-10_02_49.log,None
binutils,oe_test_binutils_objcopy,success,,./mugen-riscv/logs/binutils/oe_test_binutils_objcopy/2023-08-08-10_01_04.log,None
binutils,oe_test_binutils_strip,success,,./mugen-riscv/logs/binutils/oe_test_binutils_strip/2023-08-08-10_01_50.log,None
nss,oe_test_nss,success,,./mugen-riscv/logs/nss/oe_test_nss/2023-08-08-11_24_37.log,None
openscap,oe_test_assess_safety_compliance,fail,same,./mugen-riscv/logs/openscap/oe_test_assess_safety_compliance/2023-08-08-21_07_53.log,file missing
openscap,oe_test_openscap_01,success,,./mugen-riscv/logs/openscap/oe_test_openscap_01/2023-08-08-20_25_28.log,None
openscap,oe_test_fix_anisible,success,,./mugen-riscv/logs/openscap/oe_test_fix_anisible/2023-08-08-21_13_18.log,None
openscap,oe_test_scanning_remote_system,fail,same,./mugen-riscv/logs/openscap/oe_test_scanning_remote_system/2023-08-08-21_00_31.log,file missing
openscap,oe_test_ensure_security_compliance,fail,09fail,./mugen-riscv/logs/openscap/oe_test_ensure_security_compliance/2023-08-08-21_04_08.log,2309中找不到bind-utils软件包openscap、2309上没有scap-security-guide的依赖
openscap,oe_test_service_oscap-remediate,success,,./mugen-riscv/logs/openscap/oe_test_service_oscap-remediate/2023-08-08-21_17_23.log,None
openscap,oe_test_scanning_system,success,,./mugen-riscv/logs/openscap/oe_test_scanning_system/2023-08-08-20_38_47.log,None
qperf,oe_test_qperf_01,fail,09fail,./mugen-riscv/logs/qperf/oe_test_qperf_01/2023-08-08-20_15_33.log,
iputils,oe_test_service_ninfod,fail,same,./mugen-riscv/logs/iputils/oe_test_service_ninfod/2023-08-08-20_25_13.log,安装脚本报错：No match for argument: iputils-ninfod
iputils,oe_test_service_rdisc,fail,same,./mugen-riscv/logs/iputils/oe_test_service_rdisc/2023-08-08-20_26_21.log,"preinstall absent
"
libosinfo,oe_test_osinfo-install-script,fail,09fail,./mugen-riscv/logs/libosinfo/oe_test_osinfo-install-script/2023-08-08-10_50_35.log,重新测试通过
libosinfo,oe_test_osinfo-detect,fail,same,./mugen-riscv/logs/libosinfo/oe_test_osinfo-detect/2023-08-08-10_47_55.log,"file missing
"
libosinfo,oe_test_osinfo-query,success,,./mugen-riscv/logs/libosinfo/oe_test_osinfo-query/2023-08-08-10_52_08.log,None
libosinfo,oe_test_osinfo-db-import,fail,diff,./mugen-riscv/logs/libosinfo/oe_test_osinfo-db-import/2023-08-08-10_53_57.log,导出文件名按照当前时间命名，测试脚本中写死了
fontconfig,oe_test_fontconfig_fc-list,fail,same,./mugen-riscv/logs/fontconfig/oe_test_fontconfig_fc-list/2023-08-08-12_14_11.log,"Broken testcase
"
tang,oe_test_socket_tangd,success,,./mugen-riscv/logs/tang/oe_test_socket_tangd/2023-08-08-11_10_39.log,None
tang,oe_test_service_tangd-update,success,,./mugen-riscv/logs/tang/oe_test_service_tangd-update/2023-08-08-11_09_42.log,None
tang,oe_test_service_tangd-keygen,success,,./mugen-riscv/logs/tang/oe_test_service_tangd-keygen/2023-08-08-11_08_44.log,None
openvpn,oe_test_openvpn,fail,diff,./mugen-riscv/logs/openvpn/oe_test_openvpn/2023-08-08-20_18_01.log,
lmdb,oe_test_lmdb,success,,./mugen-riscv/logs/lmdb/oe_test_lmdb/2023-08-08-20_12_16.log,None
plymouth,oe_test_service_systemd-ask-password-plymouth,success,,./mugen-riscv/logs/plymouth/oe_test_service_systemd-ask-password-plymouth/2023-08-08-10_05_57.log,None
plymouth,oe_test_service_plymouth-start,success,,./mugen-riscv/logs/plymouth/oe_test_service_plymouth-start/2023-08-08-10_02_32.log,None
plymouth,oe_test_service_plymouth-reboot,success,,./mugen-riscv/logs/plymouth/oe_test_service_plymouth-reboot/2023-08-08-10_00_45.log,None
plymouth,oe_test_service_plymouth-quit-wait,success,,./mugen-riscv/logs/plymouth/oe_test_service_plymouth-quit-wait/2023-08-08-09_57_14.log,None
plymouth,oe_test_service_plymouth-poweroff,success,,./mugen-riscv/logs/plymouth/oe_test_service_plymouth-poweroff/2023-08-08-09_53_40.log,None
plymouth,oe_test_service_plymouth-switch-root-initramfs,fail,same,./mugen-riscv/logs/plymouth/oe_test_service_plymouth-switch-root-initramfs/2023-08-08-10_07_32.log,systemd单元启动失败，Condition check resulted in Tell Plymouth To Jump To initramfs being skipped.
plymouth,oe_test_service_plymouth-quit,success,,./mugen-riscv/logs/plymouth/oe_test_service_plymouth-quit/2023-08-08-09_55_28.log,None
plymouth,oe_test_service_plymouth-halt,success,,./mugen-riscv/logs/plymouth/oe_test_service_plymouth-halt/2023-08-08-09_49_53.log,None
plymouth,oe_test_service_plymouth-kexec,success,,./mugen-riscv/logs/plymouth/oe_test_service_plymouth-kexec/2023-08-08-09_51_48.log,None
plymouth,oe_test_service_plymouth-read-write,success,,./mugen-riscv/logs/plymouth/oe_test_service_plymouth-read-write/2023-08-08-09_59_01.log,None
plymouth,oe_test_service_plymouth-switch-root,success,,./mugen-riscv/logs/plymouth/oe_test_service_plymouth-switch-root/2023-08-08-10_04_19.log,"systemd unit restart failure
systemd unit runtime error
"
flac,oe_test_flac,success,,./mugen-riscv/logs/flac/oe_test_flac/2023-08-08-11_36_18.log,None
ipmitool,oe_test_service_exchange-bmc-os-info,fail,same,./mugen-riscv/logs/ipmitool/oe_test_service_exchange-bmc-os-info/2023-08-08-10_57_16.log,Unit exchange-bmc-os-info.service not found.
ipmitool,oe_test_service_ipmievd,fail,same,./mugen-riscv/logs/ipmitool/oe_test_service_ipmievd/2023-08-08-10_58_31.log,"kernel module absent
"
ipmitool,oe_test_service_bmc-snmp-proxy,fail,same,./mugen-riscv/logs/ipmitool/oe_test_service_bmc-snmp-proxy/2023-08-08-10_55_56.log,"file missing
systemd unit restart failure
systemd unit runtime error
"
gpm,oe_test_service_gpm,success,,./mugen-riscv/logs/gpm/oe_test_service_gpm/2023-08-08-11_38_41.log,None
keyutils,oe_test_keyutils-libs,success,,./mugen-riscv/logs/keyutils/oe_test_keyutils-libs/2023-08-08-10_53_26.log,None
keyutils,oe_test_keyutils-keyctl,success,,./mugen-riscv/logs/keyutils/oe_test_keyutils-keyctl/2023-08-08-10_52_39.log,None
keyutils,oe_test_keyutils-api,fail,same,./mugen-riscv/logs/keyutils/oe_test_keyutils-api/2023-08-08-10_51_47.log,找不到头文件keyutils.h
ypbind,oe_test_service_ypbind,success,,./mugen-riscv/logs/ypbind/oe_test_service_ypbind/2023-08-08-12_07_53.log,None
quota,oe_test_service_rpc-rquotad,fail,09fail,./mugen-riscv/logs/quota/oe_test_service_rpc-rquotad/2023-08-08-11_21_43.log,重新测试通过
quota,oe_test_service_quota_nld,fail,diff,./mugen-riscv/logs/quota/oe_test_service_quota_nld/2023-08-08-11_20_11.log,重新测试通过
babeltrace,oe_test_babeltrace,success,,./mugen-riscv/logs/babeltrace/oe_test_babeltrace/2023-08-08-11_27_31.log,None
crontabs,oe_test_crontabs,fail,same,./mugen-riscv/logs/crontabs/oe_test_crontabs/2023-08-08-11_32_27.log,
sudo,oe_test_sudo_cvtsudoers,success,,./mugen-riscv/logs/sudo/oe_test_sudo_cvtsudoers/2023-08-08-12_00_58.log,None
cgdcbxd,oe_test_service_cgdcbxd,success,,./mugen-riscv/logs/cgdcbxd/oe_test_service_cgdcbxd/2023-08-08-11_29_33.log,None
sanlock,oe_test_sanlock_sanlk-reset_02,success,,./mugen-riscv/logs/sanlock/oe_test_sanlock_sanlk-reset_02/2023-08-08-10_14_50.log,None
sanlock,oe_test_sanlock_base_01,success,,./mugen-riscv/logs/sanlock/oe_test_sanlock_base_01/2023-08-08-10_05_30.log,None
sanlock,oe_test_sanlock_wdmd,success,03fail,./mugen-riscv/logs/sanlock/oe_test_sanlock_wdmd/2023-08-08-10_11_42.log,None
sanlock,oe_test_sanlock_sanlk_resetd,success,,./mugen-riscv/logs/sanlock/oe_test_sanlock_sanlk_resetd/2023-08-08-10_16_59.log,None
sanlock,oe_test_sanlock_sanlk-reset_01,success,,./mugen-riscv/logs/sanlock/oe_test_sanlock_sanlk-reset_01/2023-08-08-10_13_00.log,None
sanlock,oe_test_sanlock_base_02,success,,./mugen-riscv/logs/sanlock/oe_test_sanlock_base_02/2023-08-08-10_07_23.log,None
sanlock,oe_test_sanlock_base_03,success,,./mugen-riscv/logs/sanlock/oe_test_sanlock_base_03/2023-08-08-10_08_55.log,None
sanlock,oe_test_sanlock_base_04,success,,./mugen-riscv/logs/sanlock/oe_test_sanlock_base_04/2023-08-08-10_10_23.log,None
poppler,oe_test_poppler,success,,./mugen-riscv/logs/poppler/oe_test_poppler/2023-08-08-11_54_59.log,None
nspr,oe_test_nspr_002,success,,./mugen-riscv/logs/nspr/oe_test_nspr_002/2023-08-08-11_17_39.log,None
nspr,oe_test_nspr_001,success,,./mugen-riscv/logs/nspr/oe_test_nspr_001/2023-08-08-11_16_40.log,None
mtx,oe_test_mtx_tapeinfo,fail,same,./mugen-riscv/logs/mtx/oe_test_mtx_tapeinfo/2023-08-08-20_17_45.log,缺失lsscsi、build mhvtl-utils-1.7-3.riscv64时缺少kernel-devel
mtx,oe_test_mtx_scsieject,fail,same,./mugen-riscv/logs/mtx/oe_test_mtx_scsieject/2023-08-08-20_20_39.log,缺失lsscsi、build mhvtl-utils-1.7-3.riscv64时缺少kernel-devel
mtx,oe_test_mtx_mtx,fail,same,./mugen-riscv/logs/mtx/oe_test_mtx_mtx/2023-08-08-20_19_05.log,缺失lsscsi、build mhvtl-utils-1.7-3.riscv64时缺少kernel-devel
mtx,oe_test_mtx_scsitape,fail,same,./mugen-riscv/logs/mtx/oe_test_mtx_scsitape/2023-08-08-20_22_01.log,缺失lsscsi、build mhvtl-utils-1.7-3.riscv64时缺少kernel-devel
mtx,oe_test_mtx_loaderinfo,fail,same,./mugen-riscv/logs/mtx/oe_test_mtx_loaderinfo/2023-08-08-20_16_23.log,缺失lsscsi、build mhvtl-utils-1.7-3.riscv64时缺少kernel-devel
libcap,oe_test_acl_ordinary_users_setgid,success,,./mugen-riscv/logs/libcap/oe_test_acl_ordinary_users_setgid/2023-08-08-09_57_38.log,None
libcap,oe_test_libcap,success,,./mugen-riscv/logs/libcap/oe_test_libcap/2023-08-08-09_56_12.log,None
libcap,oe_test_acl_verwrite_previous_rules,success,,./mugen-riscv/logs/libcap/oe_test_acl_verwrite_previous_rules/2023-08-08-09_56_39.log,None
libcap,oe_test_acl_allow_change_ownership,success,,./mugen-riscv/logs/libcap/oe_test_acl_allow_change_ownership/2023-08-08-09_56_48.log,None
libcap,oe_test_acl_bind_port,success,,./mugen-riscv/logs/libcap/oe_test_acl_bind_port/2023-08-08-09_57_57.log,None
libcap,oe_test_acl_allow_change_nochange,success,,./mugen-riscv/logs/libcap/oe_test_acl_allow_change_nochange/2023-08-08-09_57_01.log,None
libcap,oe_test_acl_manage_net,success,,./mugen-riscv/logs/libcap/oe_test_acl_manage_net/2023-08-08-09_59_00.log,None
libcap,oe_test_acl_send_kill_notbelong,success,,./mugen-riscv/logs/libcap/oe_test_acl_send_kill_notbelong/2023-08-08-09_57_20.log,None
libcap,oe_test_acl_ignore_dal_across,success,,./mugen-riscv/logs/libcap/oe_test_acl_ignore_dal_across/2023-08-08-09_56_24.log,None
valgrind,oe_test_valgrind,fail,09fail,./mugen-riscv/logs/valgrind/oe_test_valgrind/2023-08-08-12_05_24.log,2309中找不到valgrind软件包和glibc-debuginfo软件包
acl,oe_test_acl_change_mask,success,,./mugen-riscv/logs/acl/oe_test_acl_change_mask/2023-08-08-09_50_06.log,None
acl,oe_test_acl_getfacl,success,,./mugen-riscv/logs/acl/oe_test_acl_getfacl/2023-08-08-09_51_29.log,None
acl,oe_test_acl_dir_read,success,,./mugen-riscv/logs/acl/oe_test_acl_dir_read/2023-08-08-09_53_56.log,None
acl,oe_test_access_providepam,fail,same,./mugen-riscv/logs/acl/oe_test_access_providepam/2023-08-08-09_52_11.log,pam_systemd.so不存在
acl,oe_test_acl_chacl,success,,./mugen-riscv/logs/acl/oe_test_acl_chacl/2023-08-08-09_51_07.log,None
acl,oe_test_acl_backup_recovery,success,,./mugen-riscv/logs/acl/oe_test_acl_backup_recovery/2023-08-08-09_53_00.log,None
acl,oe_test_acl_add_write_permissions,success,,./mugen-riscv/logs/acl/oe_test_acl_add_write_permissions/2023-08-08-09_49_53.log,None
acl,oe_test_acl_file,success,,./mugen-riscv/logs/acl/oe_test_acl_file/2023-08-08-09_52_22.log,None
acl,oe_test_acl_dir_write,success,,./mugen-riscv/logs/acl/oe_test_acl_dir_write/2023-08-08-09_53_22.log,None
acl,oe_test_acl_defaulr_rule,success,,./mugen-riscv/logs/acl/oe_test_acl_defaulr_rule/2023-08-08-09_50_35.log,None
acl,oe_test_acl_default_kernel_setting,success,03fail,./mugen-riscv/logs/acl/oe_test_acl_default_kernel_setting/2023-08-08-09_52_51.log,None
acl,oe_test_acl_delete_acl,success,,./mugen-riscv/logs/acl/oe_test_acl_delete_acl/2023-08-08-09_53_11.log,None
acl,oe_test_acl_check_create,success,,./mugen-riscv/logs/acl/oe_test_acl_check_create/2023-08-08-09_50_23.log,None
acl,oe_test_acl_setfacl,success,,./mugen-riscv/logs/acl/oe_test_acl_setfacl/2023-08-08-09_51_49.log,None
acl,oe_test_acl_only_root_permission,success,,./mugen-riscv/logs/acl/oe_test_acl_only_root_permission/2023-08-08-09_50_46.log,None
tog-pegasus,oe_test_service_tog-pegasus,fail,09fail,./mugen-riscv/logs/tog-pegasus/oe_test_service_tog-pegasus/2023-08-08-12_02_40.log,2309中找不到tog-pegasus软件包